ID,Canal_ID,Data_hora_de_publicacao,Categoria_ID
9zJK2qBcSYs,UClG8odDC8TS6Zpqk9CGVQiQ,2024-11-01,20
rAD8sA9UgFo,UCKaCalz5N5ienIbfPzEbYuA,2024-11-02,24
lQBmZBJCYcY,UCWOA1ZGywLbqmigxE4Qlvuw,2024-10-31,24
Zp-Jhuhq0bQ,UCqwUnggBBct-AY2lAdI88jQ,2024-11-01,22
PNR_6TkduPk,UCQ-YJstgVdAiCT52TiBWDbg,2024-10-31,24
1vPGcuvFLMQ,UCsY7UM8d2sGHhWP_nj7WYjQ,2024-10-30,17
96e75AAsBMk,UCsY7UM8d2sGHhWP_nj7WYjQ,2024-10-30,17
NMjhjrBIrG8,UCeU5qTuBiqTU5z-hyL6WITQ,2024-10-31,22
3-PVx_H7p-I,UC1G9pwKwx9RpFwSohdkmhxA,2024-11-01,24
XAHBTyACwFM,UCfpCQ89W9wjkHc8J_6eTbBg,2024-11-02,24
Xj0Jtjg3lHQ,UCX6OQ3DkcsbYNE6H8uQQuVA,2024-11-02,24
SuwPaNAZlF0,UCvqRdlKsE5Q8mf8YXbdIJLw,2024-11-02,20
LZzubS1ILTs,UCSdma21fnJzgmPodhC9SJ3g,2024-10-31,23
c70s8ux50lQ,UCWsDFcIhY2DBi3GB5uykGXA,2024-10-31,20
5ZiUIW-9_Y8,UCto7D1L-MiRoOziCXK9uT5Q,2024-11-01,20
R1nJq2avaxA,UCSTJELgD0j0gW2_wgF_TYuA,2024-11-01,24
EPKUsLtwexg,UC5f5IV0Bf79YLp_p9nfInRA,2024-11-01,17
fmC6b6_ovZY,UC07Kxew-cMIaykMOkzqHtBQ,2024-10-30,10
Slq5EGmycY8,UCSTJELgD0j0gW2_wgF_TYuA,2024-10-31,24
jac53THxO0I,UCnmGIkw-KdI0W5siakKPKog,2024-11-02,24
2kjolTLZ_Mg,UCF_fDSgPpBQuh1MsUTgIARQ,2024-10-31,10
9QXxid7t9oM,UCRijo3ddMTht_IHyNSNXpNQ,2024-11-02,17
CGoN-thr5sI,UCw1SQ6QRRtfAhrN_cjkrOgA,2024-10-29,20
b__vp69NTqM,UCI2hA8WukW-Q90aabtm3Hbw,2024-11-02,20
UQg0VEkMbG4,UCF3D1D3RL6z8QJzgc6dtQRg,2024-11-02,24
xk5c93yilio,UCWZmCMB7mmKWcXJSIPRhzZw,2024-10-30,24
o0oW3lPoOXM,UCqwUnggBBct-AY2lAdI88jQ,2024-10-30,22
MKXvSe4vv-w,UCEg25rdRZXg32iwai6N6l0w,2024-10-31,17
f19gfOMZTtg,UCZGYJFUizSax-yElQaFDp5Q,2024-11-01,24
0Z0y3S8xWQM,UCCmo_NIuQR5eU4AvBa6sEQQ,2024-10-31,17
XpSdD63j7Y4,UCurpiDXSkcUbgdMwHNZkrCg,2024-11-01,10
xNudqMNIlB8,UClG8odDC8TS6Zpqk9CGVQiQ,2024-11-01,20
-awto63GqPs,UClOGLGPOqlAiLmOvXW5lKbw,2024-10-31,20
LebrzDtQn_s,UCl9E4Zxa8CVr2LBLD0_TaNg,2024-11-02,24
TCUqH8CFDxA,UCIWB3DlhYMzxj1LT-OlqeWw,2024-11-01,2
U3E2a3fUGAE,UCt7fwAhXDy3oNFTAzF2o8Pw,2024-10-31,10
HAcLoqZO-Z0,UCAM35Xuk2-GM4Mb8g0MGSZw,2024-10-27,10
fnPxkuFIA48,UCoUM-UJ7rirJYP8CQ0EIaHA,2024-10-30,10
q31HGLVBObs,UCn_FAXem2-e3HQvmK-mOH4g,2024-11-01,1
kzw-qZMYdqU,UCOsATJw-IZgqGT8MFrHjKGg,2024-11-01,23
NYPo88BjOIU,UCs-w7E2HZWwXmjt9RTvBB_A,2024-10-31,20
HosgJo6cwX0,UCCxF55adGXOscJ3L8qdKnrQ,2024-10-30,17
yO2Gxozek5k,UCsY7UM8d2sGHhWP_nj7WYjQ,2024-10-26,17
ZHyJotwNoAo,UCvayv7u6HrpENlleXekJ2fg,2024-10-31,24
vrkzCbUCRNU,UCLc_ZQgQ8h2XKUAQpqcvIdw,2024-11-01,20
6_SsGMeJIHk,UChpKl3waLmccNeYH9LGYjUQ,2024-11-01,10
II4sfdRM3Ac,UCzTlXb7ivVzuFlugVCv3Kvg,2024-11-02,20
Q10_srZ-pbs,UCHnyfMqiRRG1u-2MsSQLbXA,2024-10-29,27
oUV-u7CRyKE,UCg3gzldyhCHJjY7AWWTNPPA,2024-10-27,24
Q_wVrsX7aqE,UC-g_O9HWb5B0rVDG1hLd5Hw,2024-11-01,20
j3ykZoQMJLI,UCoLrcjPV5PbUrUyXq5mjc_A,2024-10-31,17
eX381RBkHc0,UCh5mLn90vUaB1PbRRx_AiaA,2024-10-26,22
AmZleTKYYQI,UCFMGCDS4rQprREJJa8f4F0Q,2024-10-27,26
G0cmfY7qdmY,UCE_M8A5yxnLfW0KghEeajjw,2024-10-30,28
4ZxQ5rR8VwA,UCqfp_TZGkNakCWMNHPGxgng,2024-11-01,22
gJd7IMYqCYE,UCQ-xcZY4J45Z9vCZ_A3LGCw,2024-10-12,20
7RIvq98nXvc,UCja7QUMRG9AD8X2F_vXFb9A,2024-10-27,22
sVUhtqwOAZA,UCB_qr75-ydFVKSF9Dmo6izg,2024-11-01,17
KUUt3UNyUtY,UCaoTOpfjVfdm_XlYvwbVicQ,2024-10-26,17
amZ3fANPGIE,UCPD_bxCRGpmmeQcbe2kpPaA,2024-10-31,24
QF-Kd2BBpx8,UCZ7AeeVbyslLM_8-nVy2B8Q,2024-10-28,20
hCcwCv3G1FQ,UCo1DYcm1IZ9v3UPkpiAcgtg,2024-10-28,10
CIdUQxDlYW4,UCbAwSkqJ1W_Eg7wr3cp5BUA,2024-10-29,22
vxbCfIYUSh8,UCYVinkwSX7szARULgYpvhLw,2024-11-02,20
g3UTptQz-JI,UCt-GOpCw4dOBlIyqL9A1ztA,2024-10-31,1
J8orRDSOiiw,UCodbH5mUeF-m_BsNueRDjcw,2024-10-31,27
yM7ECLIhsAc,UCvC4D8onUfXzvjTOM-dBfEA,2024-10-30,24
qJI-ApEMxjs,UCB_qr75-ydFVKSF9Dmo6izg,2024-11-02,17
D7F42F_JM3U,UCqwxMqUcL-XC3D9-fTP93Mg,2024-11-01,10
G0JWA18cDbM,UCQF0f62JXnfFSxKDmN8SDUg,2024-11-02,27
pm_G1sXjUIA,UCA61H4fWOMHikLcUFKyQUog,2024-10-30,10
Qx88zndTGp8,UC4rqhyiTs7XyuODcECvuiiQ,2024-10-31,20
7-LgFR2Enj4,UC0jPwNs4B7yJySNewHan5hQ,2024-10-27,17
Oc91iOxcB3c,UCGwu0nbY2wSkW8N-cghnLpA,2024-10-26,1
VLPgxODl8Rw,UCFN4JkGP_bVhAdBsoV9xftA,2024-10-31,17
DQ5EeImWYaI,UCGIY_O-8vW4rfX98KlMkvRg,2024-10-30,20
3efwPrjwNVY,UCB_qr75-ydFVKSF9Dmo6izg,2024-10-27,17
8jf2hNiBKYs,UCD1Em4q90ZUK2R5HKesszJg,2024-10-31,20
nW9yQVql_kA,UC2FZQeaJkpnO6IMkQglvPsg,2024-10-27,2
VwCq09PzYRY,UCqagxSZd0poU7LcVg3lTp0A,2024-11-02,22
5TlxFXFi8UU,UCFDsxSlQXpLLpVScy2NmbcQ,2024-10-30,20
mxVP7nNzzBo,UCEbVfdA43w83_ilZ1ZlZH3Q,2024-11-02,1
2G9Wu6IKNy8,UCm3T3KS21z4d77tt081bVRQ,2024-10-29,22
tiiq462mV3w,UC33-OkQ6VCYk8xtml8Pk4-g,2024-10-27,17
mn75mKUExGg,UC-F3kTU4V680v550AavEOsQ,2024-10-28,22
8ouu2DE6J_s,UCFN4JkGP_bVhAdBsoV9xftA,2024-10-31,17
I4BYYKOpMa0,UCdEczn3MVkx_4PnMZ10MVFA,2024-10-30,2
ecLUCPhKKxs,UCaoTOpfjVfdm_XlYvwbVicQ,2024-10-27,17
dBRFH7MgWis,UCGTKwjs1ctvgwCRa67RNO-Q,2024-10-27,24
eknj5_0tF2s,UCuPivVjnfNo4mb3Oog_frZg,2024-10-29,1
xfPKwJ7Qukc,UC2C_jShtL725hvbm1arSV9w,2024-10-29,25
f5-h2EjrIPE,UCYI0jaSzd7aLRj7KCGHkz3g,2024-10-29,2
BBWL2uVqcW4,UCdJdEguB1F1CiYe7OEi3SBg,2024-10-29,23
lWLp_ptADNU,UCBrMq7wkdPWb3PxR-GUR61A,2024-10-31,20
ym_a6M7ZElo,UC_q5WZtFp36adwqhKpZzxwQ,2024-11-02,20
F_7IPm7f1vI,UC7vVhkEfw4nOGp8TyDk7RcQ,2024-10-30,28
IXtSluGSteU,UCiGnwS3OVEuqbc78ELEFDeQ,2024-10-29,20
m2mH4480dqU,UCXzrxvm0Jqq1OpSZQhT6lEQ,2024-10-29,17
t6ukMUq-iQQ,UC9YydG57epLqxA9cTzZXSeQ,2024-10-29,20
T3rnBuSTNhY,UCZtjRzC4fFimZ2Y-nhn8Cig,2024-10-30,10
jZW2GnEcjpM,UCZtjRzC4fFimZ2Y-nhn8Cig,2024-10-30,10
tRh5pIokod0,UCwM8W2IEsCLRQWc6krOlRVw,2024-10-30,23
Pwwl-MwJLxQ,UC9OucCej3Rx7tS3O7df4ReA,2024-10-29,20
QGY-YUkN2Nc,UCqTYHSnBUXZamsVcOlQf-fg,2024-10-30,24
-mPL6eZN8jw,UCrZEL4o7SYy8-FoYyvh7pJg,2024-10-23,15
b1sYvU5saZo,UCRE2zmVNW9wG2dndMoV4JKQ,2024-10-27,24
ZC-egC-ElAU,UCooVYzDxdwTtGYAkcPmOgOw,2024-10-28,20
6vGMPjmlHKQ,UCET00YnetHT7tOpu12v8jxg,2024-10-28,17
BZ6mmUijhCE,UCR9Gcq0CMm6YgTzsDxAxjOQ,2024-10-26,20
BqPNB9Vxl_w,UCooVYzDxdwTtGYAkcPmOgOw,2024-10-30,20
IIRHCfvnUyU,UC2Qw1dzXDBAZPwS7zm37g8g,2024-10-29,10
MesWtDPzFLA,UCBJeMCIeLQos7wacox4hmLQ,2024-10-27,17
ujfC0NgdU48,UCxoz4YfS4M3H3C57FD4jW4Q,2024-10-26,28
UjRikc_ldIQ,UCsSsgPaZ2GSmO6il8Cb5iGA,2024-10-26,24
i3h7pO6xLAM,UCmXH6CX_juGwNFTj3PESdoA,2024-10-28,20
4XxnTAwyxus,UCV4UK9LNNLViFP4qZA_Wmfw,2024-10-30,10
Twn_4AW0M6U,UCY1kMZp36IQSyNx_9h4mpCg,2024-11-02,28
JObxd5s-uqQ,UCnnrLDosqnpRPQ_TH3uXnnQ,2024-10-28,24
iNSPFb5AIz8,UCzH3H8sRfqH3rEVZcpTV2Cw,2024-10-26,20
8Ebqe2Dbzls,UCoUM-UJ7rirJYP8CQ0EIaHA,2024-10-24,10
T_UMKggEkUI,UCpx2BZg8ABgaDV50sGJtWAg,2024-11-01,20
ZWDoUsxpkKE,UCo1DYcm1IZ9v3UPkpiAcgtg,2024-10-28,10
JwHDwOVkRXU,UCt9nYeSz90lnOnaVFjxFJzw,2024-11-02,20
TtFm9n3NVzE,UCE_M8A5yxnLfW0KghEeajjw,2024-10-29,28
tI9dwinLua0,UCzH3H8sRfqH3rEVZcpTV2Cw,2024-10-26,20
queBWT_e10o,UClYV6hHlupm_S_ObS1W-DYw,2024-10-31,10
GsvxsV0CPz0,UC3L9XPe0_FGfRG-CMGtBvFg,2024-10-27,17
QlPsuIkg6k0,UCDVYQ4Zhbm3S2dlz7P1GBDg,2024-11-01,17
DIWsSpvHj8o,UCooVYzDxdwTtGYAkcPmOgOw,2024-10-26,20
kBC211AsHZs,UCIVSqoHCUN1XdEpiVItxfoQ,2024-10-27,20
OqQOkUzQDWY,UCpi8TJfiA4lKGkaXs__YdBA,2024-10-30,23
B0kJ5Kxqm14,UCtylTUUVIGY_i5afsQYeBZA,2024-10-30,10
HsFBftgYDuY,UCAND1td-OhOUbi7S1EnRWzg,2024-10-27,17
K4fO-fBajD4,UCsAPiUMyBjtKamxYGbSUnLA,2024-10-26,17
eC77RIAsAuc,UCaUeobrwnhpLJHqs92_JRGg,2024-10-27,23
HfN67NC1AVw,UCQ9HvHH-KRYHI5ynj2kbLwQ,2024-10-28,1
etsXknHtGUs,UCg3gzldyhCHJjY7AWWTNPPA,2024-10-23,24
uBq_g2XQ52g,UCsDUx3IrrXQI0CbfKMxTCww,2024-10-27,24
hnBXXFW9KQw,UCzcaZfAmCJlCSoBOiNWx20Q,2024-10-31,17
67eiQYXzbjs,UCquKkmifC6eDU-bbKxqjJgw,2024-10-29,20
W8l6_ROPvJw,UCUU3GdGuQshZFRGnxAPBf_w,2024-10-24,24
HWEzxj6pqkg,UCMmVPVb0BwSIOWVeDwlPocQ,2024-10-28,17
KJ0TuwmSgiw,UCBjiLLFSINNtaQr_X4fRLrg,2024-10-31,20
F5UDQQUUDao,UCBQZwaNPFfJ1gZ1fLZpAEGw,2024-10-30,10
-J_w9K6DgRo,UCaO6TYtlC8U5ttz62hTrZgg,2024-10-27,10
IEzgtBOt4bU,UC5JYRErFekvgcd2Sb-s8-Tg,2024-10-27,23
ifINhTmV4yU,UCVe_RrR9AMeY6Z8ixOv5gtw,2024-10-28,22
4Dr7HljrsoQ,UCch9Dmg5Juwp8MZGvAmAp4Q,2024-10-25,1
Rs8bNwfVyM0,UCVAbWl3d3XuHY28wU9DoDpA,2024-10-26,22
aZlRG12Ami8,UCzTlXb7ivVzuFlugVCv3Kvg,2024-10-26,20
yDZGQT37y7I,UClBnxUXbfpnwZjchDz52B7Q,2024-10-29,20
rhTZTy1rZhw,UC2t5bjwHdUX4vM2g8TRDq5g,2024-10-26,20
PImf0bJoGQ8,UCH_7doiCkWeq0v3ycWE5lDw,2024-10-28,20
dGKXp8_LP2U,UC1oigGPZ4A6atKCnj17ow8Q,2024-10-27,17
Y41VVNEcm-U,UCakRszbIjjGYtFrDPeg5Ieg,2024-10-31,17
Fy5BMlwlh4o,UCTSRIY3GLFYIpkR2QwyeklA,2024-10-25,23
v2BjVurDSic,UChRlaISXbl2gECFAmDzxgzg,2024-10-26,2
NrUlydECU-8,UCaO6TYtlC8U5ttz62hTrZgg,2024-10-27,10
PWjZ3p1jNho,UC3IZKseVpdzPSBaWxBxundA,2024-10-25,10
cIAoz2ebBoU,UCMUP9j-QidC_S0KLlO06uCg,2024-10-25,20
R_clisSImS4,UCo1DYcm1IZ9v3UPkpiAcgtg,2024-10-28,10
y38qQRg3UDI,UC4eYXhJI4-7wSWc8UNRwD4A,2024-10-25,10
Qt6YiVZLhG0,UC3Cs0kPcr0GQPCVzX32NQPg,2024-10-25,10
hQ2f7dI41hM,UC1HL3TABt6QGd_P857BH_CA,2024-10-25,20
4BjOaq9ZLUo,UC0biFgrMdkv1hFAFLVePODQ,2024-10-28,24
KnmegqkWXtM,UChDKyKQ59fYz3JO2fl0Z6sg,2024-10-28,25
G1WgoZVIXbw,UCYAB7hh1ohA8-iX54EpMdeA,2024-10-25,24
RhDFW32GpDM,UCkgsrOXWQNZRS_Cj8-_7sPw,2024-10-28,17
817L86agTTk,UCQMELFlXQL38KPm8kM-4Adg,2024-10-28,2
eaB7nCdId0Y,UCE_M8A5yxnLfW0KghEeajjw,2024-10-28,28
YqVUqZxyw3c,UCB9_VH_CNbbH4GfKu8qh63w,2024-10-27,24
I_VO_ElQgso,UCmmc_ObsixkMiLq7BXobAnQ,2024-10-27,24
DO_iGu_U9xo,UCXqV4yoyC_mmZye6VbKFPeQ,2024-10-26,20
Sih0v01Wbek,UC07Kxew-cMIaykMOkzqHtBQ,2024-10-25,10
DrSfBULAsek,UCqwxMqUcL-XC3D9-fTP93Mg,2024-11-01,10
ttovshZgIC0,UCyXiDU5qjfOPxgOPeFWGwKw,2024-10-28,2
ReD8i61RZdI,UCOuId57F0KOwFkLXCdTQSNw,2024-10-25,24
UTDpgEraPbA,UCSnqXeK94-iNmwqGO__eJ5g,2024-10-27,22
VJe-B9TeGy8,UCL6JmiMXKoXS6bpP1D3bk8g,2024-10-25,2
bgo7rm5Maqg,UCsXVk37bltHxD1rDPwtNM8Q,2024-10-29,27
qS1K84Nq6wU,UCYqsJbDDngvxb_rbHzHpYGA,2024-10-26,24
ZViWWpA2AFk,UC513PdAP2-jWkJunTh5kXRw,2024-10-26,28
fSHoePrnmMw,UCZU9T1ceaOgwfLRq7OKFU4Q,2024-10-24,10
9vZVDUjWerI,UCoLrcjPV5PbUrUyXq5mjc_A,2024-10-30,17
7RLlZzS1NNg,UCoLrcjPV5PbUrUyXq5mjc_A,2024-10-31,17
pxY82K0_hSs,UCTkXRDQl0luXxVQrRQvWS6w,2024-10-24,20
l6GoKf1b4mw,UCAOiVaJJlH0Oduv48NN0mMA,2024-10-28,10
FVON5lJX67E,UChhMknOcAZOQXC1rh0ler-Q,2024-10-15,27
meabXp-IFkM,UCGIY_O-8vW4rfX98KlMkvRg,2024-10-29,20
P3eDn06cZA8,UCSZbXT5TLLW_i-5W8FZpFsg,2024-10-26,17
ZyVjEdcFSO0,UCJ2GvhrAJ2GQVPZ0auza4vw,2024-10-26,24
jdXm2eFyOTs,UC0M0rxSz3IF0CsSour1iWmw,2024-10-28,20
0VKNgWkoaWU,UCxcTeAKWJca6XyJ37_ZoKIQ,2024-10-28,17
MXoO2GM7bgc,UCh7EqOZt7EvO2osuKbIlpGg,2024-10-24,20
8Ro085T0mnQ,UCrnvtdLN6AHgQ8SdFGLalfw,2024-10-25,10
tvwIvXJHncE,UCe_Fx4EZAgKjDz0aQ_Y7hSA,2024-10-26,24
uffWpXSc0Hk,UCqfjksqVIiNz1SRGfy4CkZA,2024-10-24,24
1-D2dEw2ihw,UCKaCalz5N5ienIbfPzEbYuA,2024-10-26,24
GsFOqAgyuY0,UCqly9F4Fr_jf2Y1Cy5hacRg,2024-10-29,20
jWQx2f-CErU,UCEf_Bc-KVd7onSeifS3py9g,2024-10-21,10
